<?xml version="1.0" encoding="UTF-8"?>
<sltp_graph version="1.1" packageUris="http://schema.mathworks.com/mf0/sltp_mm/R2022b_202203181029">
  <sltp.mm.core.Context type="sltp.mm.core.Context" uuid="c6960f24-6ccd-4157-9494-bf6ae8235300">
    <priorityDirection>HighNumberLast</priorityDirection>
    <unusedTaskIds>1</unusedTaskIds>
    <editorState type="sltp.mm.core.EditorState" uuid="1486826e-5bbb-4f6f-bcd0-a0a6a7fec561">
      <isSynchronized>true</isSynchronized>
      <panelState type="sltp.mm.core.EditorPanelState" uuid="c86c9eb9-40a5-4f97-83f6-7fb6c758dc93"/>
    </editorState>
    <rootTask type="sltp.mm.core.Task" uuid="e4b624de-b938-4de6-a928-1d40d99206e2">
      <context type="sltp.mm.core.Context" uuid="c6960f24-6ccd-4157-9494-bf6ae8235300"/>
      <explicit>false</explicit>
      <name>Default</name>
      <priority>-2147483648</priority>
      <subgraph type="sltp.mm.core.Graph" uuid="728851ab-cbfa-4eca-874a-8be7d62fd3dc">
        <tasks type="sltp.mm.core.Task" uuid="dc6db2c6-bbff-4631-9812-ba344bfe3f5e">
          <baseTask>true</baseTask>
          <context type="sltp.mm.core.Context" uuid="c6960f24-6ccd-4157-9494-bf6ae8235300"/>
          <explicit>false</explicit>
          <id>2</id>
          <isTimed>true</isTimed>
          <name>FiM</name>
          <priority>40</priority>
          <rates type="sltp.mm.core.Rate" uuid="7653f1a4-a8cb-4e17-88a1-bdacf60e396a">
            <annotation>FiM</annotation>
            <color>-2139062017</color>
            <identifier>ZOHContinuous01</identifier>
            <rateSpec type="sltp.mm.core.RateSpec">
              <offset>1.0</offset>
              <period>0.0</period>
            </rateSpec>
            <sti>0</sti>
          </rates>
          <rates type="sltp.mm.core.Rate" uuid="515e734e-0259-4793-8c05-ab6229b20abb">
            <annotation>D1</annotation>
            <color>-436207361</color>
            <hasBlocks>true</hasBlocks>
            <rateSpec type="sltp.mm.core.RateSpec">
              <period>.037037037037037035</period>
            </rateSpec>
            <sti>1</sti>
          </rates>
        </tasks>
      </subgraph>
    </rootTask>
  </sltp.mm.core.Context>
</sltp_graph>