<?xml version="1.0" encoding="UTF-8" standalone="yes" ?>
<cp:coreProperties xmlns:cp="http://schemas.openxmlformats.org/package/2006/metadata/core-properties" xmlns:dc="http://purl.org/dc/elements/1.1/" xmlns:dcmitype="http://purl.org/dc/dcmitype/" xmlns:dcterms="http://purl.org/dc/terms/" xmlns:xsi="http://www.w3.org/2001/XMLSchema-instance">
  <cp:category>model</cp:category>
  <dcterms:created xsi:type="dcterms:W3CDTF">2020-05-23T16:56:59Z</dcterms:created>
  <dc:creator>valakshe</dc:creator>
  <cp:lastModifiedBy>kishor</cp:lastModifiedBy>
  <dcterms:modified xsi:type="dcterms:W3CDTF">2023-02-08T10:23:10Z</dcterms:modified>
  <cp:revision>5.84</cp:revision>
  <cp:version>R2022b</cp:version>
</cp:coreProperties>
