<?xml version="1.0" encoding="utf-8"?>
<Stateflow>
  <machine id="13">
    <P Name="sfVersion">80000051</P>
    <Children>
      <target id="106" name="sfun">
        <P Name="description">Default Simulink S-Function Target.</P>
      </target>
      <chart Ref="chart_14"/>
      <chart Ref="chart_21"/>
      <chart Ref="chart_28"/>
      <chart Ref="chart_35"/>
      <chart Ref="chart_42"/>
      <chart Ref="chart_50"/>
      <chart Ref="chart_58"/>
      <chart Ref="chart_66"/>
      <chart Ref="chart_79"/>
      <chart Ref="chart_92"/>
      <chart Ref="chart_99"/>
    </Children>
  </machine>
  <instance id="20">
    <P Name="machine">13</P>
    <P Name="name">MATLAB Function1</P>
    <P Name="chart">14</P>
  </instance>
  <instance id="27">
    <P Name="machine">13</P>
    <P Name="name">MATLAB Function</P>
    <P Name="chart">21</P>
  </instance>
  <instance id="34">
    <P Name="machine">13</P>
    <P Name="name">MATLAB Function10</P>
    <P Name="chart">28</P>
  </instance>
  <instance id="41">
    <P Name="machine">13</P>
    <P Name="name">MATLAB Function2</P>
    <P Name="chart">35</P>
  </instance>
  <instance id="49">
    <P Name="machine">13</P>
    <P Name="name">MATLAB Function4</P>
    <P Name="chart">42</P>
  </instance>
  <instance id="57">
    <P Name="machine">13</P>
    <P Name="name">MATLAB Function5</P>
    <P Name="chart">50</P>
  </instance>
  <instance id="65">
    <P Name="machine">13</P>
    <P Name="name">MATLAB Function6</P>
    <P Name="chart">58</P>
  </instance>
  <instance id="78">
    <P Name="machine">13</P>
    <P Name="name">MATLAB Function7</P>
    <P Name="chart">66</P>
  </instance>
  <instance id="91">
    <P Name="machine">13</P>
    <P Name="name">MATLAB Function8</P>
    <P Name="chart">79</P>
  </instance>
  <instance id="98">
    <P Name="machine">13</P>
    <P Name="name">MATLAB Function9</P>
    <P Name="chart">92</P>
  </instance>
  <instance id="105">
    <P Name="machine">13</P>
    <P Name="name">MATLAB Function3</P>
    <P Name="chart">99</P>
  </instance>
</Stateflow>
