<?xml version="1.0" encoding="utf-8"?>
<System>
  <P Name="Location">[72, 27, 1920, 1080]</P>
  <P Name="ZoomFactor">60</P>
  <P Name="ReportName">simulink-default.rpt</P>
  <P Name="SIDHighWatermark">1944</P>
  <Block BlockType="Reference" Name="Blank Message" SID="1885">
    <PortCounts out="1"/>
    <P Name="Position">[1015, -63, 1230, 123]</P>
    <P Name="ZOrder">100000</P>
    <P Name="LibrarySourceBlock">roslib/ROS/Blank Message</P>
    <P Name="LibraryVersion">4.1</P>
    <P Name="SourceBlock">robotlib/Blank Message</P>
    <P Name="SourceType">ROS Blank Message</P>
    <InstanceData>
      <P Name="RTWMemSecFuncInitTerm">Inherit from model</P>
      <P Name="RTWMemSecFuncExecute">Inherit from model</P>
      <P Name="RTWMemSecDataConstants">Inherit from model</P>
      <P Name="RTWMemSecDataInternal">Inherit from model</P>
      <P Name="RTWMemSecDataParameters">Inherit from model</P>
      <P Name="ContentPreviewEnabled">on</P>
      <P Name="messageClass">Message</P>
      <P Name="entityType">geometry_msgs/Twist</P>
      <P Name="messageType">geometry_msgs/Twist</P>
      <P Name="SampleTime">1/hz</P>
      <P Name="legacyBusStruct">off</P>
    </InstanceData>
  </Block>
  <Block BlockType="BusAssignment" Name="Bus&#xA;Assignment" SID="1886">
    <PortCounts in="3" out="1"/>
    <P Name="Position">[1360, -28, 1510, 328]</P>
    <P Name="ZOrder">100000</P>
    <P Name="AssignedSignals">Linear.X,Angular.Z</P>
  </Block>
  <Block BlockType="BusSelector" Name="Bus&#xA;Selector1" SID="1877">
    <PortCounts in="1" out="3"/>
    <P Name="Position">[315, 537, 360, 783]</P>
    <P Name="ZOrder">100000</P>
    <P Name="OutputSignals">Pose.Position.X,Pose.Position.Y,Pose.Orientation.Z</P>
    <PortProperties>
      <Port Type="out" Index="1">
        <P Name="Name">&lt;X&gt;</P>
      </Port>
      <Port Type="out" Index="2">
        <P Name="Name">&lt;Y&gt;</P>
      </Port>
      <Port Type="out" Index="3">
        <P Name="Name">&lt;Z&gt;</P>
      </Port>
    </PortProperties>
  </Block>
  <Block BlockType="BusSelector" Name="Bus&#xA;Selector2" SID="1932">
    <PortCounts in="1" out="3"/>
    <P Name="Position">[1265, 537, 1315, 733]</P>
    <P Name="ZOrder">100000</P>
    <P Name="OutputSignals">LinearAcceleration.X,LinearAcceleration.Y,AngularVelocity.Z</P>
    <PortProperties>
      <Port Type="out" Index="1">
        <P Name="Name">&lt;X&gt;</P>
      </Port>
      <Port Type="out" Index="2">
        <P Name="Name">&lt;Y&gt;</P>
      </Port>
      <Port Type="out" Index="3">
        <P Name="Name">&lt;Z&gt;</P>
      </Port>
    </PortProperties>
  </Block>
  <Block BlockType="Constant" Name="Constant" SID="1913">
    <P Name="Position">[-210, 22, -155, 48]</P>
    <P Name="ZOrder">100000</P>
    <P Name="Value">path</P>
    <P Name="SampleTime">1/hz</P>
  </Block>
  <Block BlockType="Constant" Name="Constant1" SID="1924">
    <P Name="Position">[500, -115, 530, -85]</P>
    <P Name="ZOrder">100000</P>
    <P Name="Value">K</P>
    <P Name="SampleTime">1/hz</P>
  </Block>
  <Block BlockType="Constant" Name="Constant2" SID="1925">
    <P Name="Position">[500, -35, 530, -5]</P>
    <P Name="ZOrder">100000</P>
    <P Name="Value">Ve</P>
    <P Name="SampleTime">1/hz</P>
  </Block>
  <Block BlockType="Constant" Name="Constant3" SID="1921">
    <P Name="Position">[250, 155, 280, 185]</P>
    <P Name="ZOrder">100000</P>
    <P Name="Value">path</P>
    <P Name="SampleTime">1/hz</P>
  </Block>
  <Block BlockType="Constant" Name="Constant5" SID="1926">
    <P Name="Position">[500, 45, 530, 75]</P>
    <P Name="ZOrder">100000</P>
    <P Name="Value">Vx</P>
    <P Name="SampleTime">1/hz</P>
  </Block>
  <Block BlockType="Constant" Name="Constant7" SID="1928">
    <P Name="Position">[250, 275, 280, 305]</P>
    <P Name="ZOrder">100000</P>
    <P Name="Value">esc</P>
    <P Name="SampleTime">1/hz</P>
  </Block>
  <Block BlockType="DiscreteIntegrator" Name="Discrete-Time&#xA;Integrator" SID="1933">
    <PortCounts in="1" out="1"/>
    <P Name="Position">[1460, 682, 1515, 718]</P>
    <P Name="ZOrder">100000</P>
    <P Name="InitialConditionSetting">Auto</P>
    <P Name="SampleTime">1/hz</P>
    <P Name="ICPrevOutput">DiscIntNeverNeededParam</P>
    <P Name="ICPrevScaledInput">DiscIntNeverNeededParam</P>
  </Block>
  <Block BlockType="From" Name="From" SID="1943">
    <P Name="Position">[405, 821, 445, 849]</P>
    <P Name="ZOrder">100000</P>
    <P Name="GotoTag">yaw</P>
  </Block>
  <Block BlockType="From" Name="From1" SID="1909">
    <P Name="Position">[-210, 93, -140, 117]</P>
    <P Name="ZOrder">100000</P>
    <P Name="GotoTag">pose</P>
  </Block>
  <Block BlockType="From" Name="From2" SID="1922">
    <P Name="Position">[245, 216, 285, 244]</P>
    <P Name="ZOrder">100000</P>
    <P Name="GotoTag">pose</P>
  </Block>
  <Block BlockType="Gain" Name="Gain" SID="1929">
    <P Name="Position">[1040, 245, 1135, 295]</P>
    <P Name="ZOrder">100000</P>
    <P Name="Gain">180/pi</P>
  </Block>
  <Block BlockType="Goto" Name="Goto" SID="1934">
    <P Name="Position">[1690, 755, 1730, 785]</P>
    <P Name="ZOrder">100000</P>
    <P Name="GotoTag">yaw</P>
  </Block>
  <Block BlockType="Goto" Name="Goto1" SID="1878">
    <P Name="Position">[720, 635, 820, 685]</P>
    <P Name="ZOrder">100000</P>
    <P Name="GotoTag">pose</P>
  </Block>
  <Block BlockType="SubSystem" Name="MATLAB Function" SID="1879">
    <PortCounts in="1" out="1"/>
    <P Name="Position">[390, 762, 460, 808]</P>
    <P Name="ZOrder">100000</P>
    <P Name="LibrarySourceBlock">simulink/User-Defined
Functions/MATLAB Function</P>
    <P Name="ErrorFcn">Stateflow.Translate.translate</P>
    <P Name="PermitHierarchicalResolution">ExplicitOnly</P>
    <P Name="TreatAsAtomicUnit">on</P>
    <P Name="SFBlockType">MATLAB Function</P>
    <P Name="ContentPreviewEnabled">on</P>
    <PortProperties>
      <Port Type="out" Index="1">
        <P Name="PropagatedSignals">z</P>
      </Port>
    </PortProperties>
    <System Ref="system_1879"/>
  </Block>
  <Block BlockType="SubSystem" Name="MATLAB Function1" SID="1935">
    <PortCounts in="1" out="1"/>
    <P Name="Position">[1350, 677, 1420, 723]</P>
    <P Name="ZOrder">100000</P>
    <P Name="LibrarySourceBlock">simulink/User-Defined
Functions/MATLAB Function</P>
    <P Name="ErrorFcn">Stateflow.Translate.translate</P>
    <P Name="PermitHierarchicalResolution">ExplicitOnly</P>
    <P Name="TreatAsAtomicUnit">on</P>
    <P Name="SFBlockType">MATLAB Function</P>
    <P Name="ContentPreviewEnabled">on</P>
    <PortProperties>
      <Port Type="out" Index="1">
        <P Name="PropagatedSignals">y</P>
      </Port>
    </PortProperties>
    <System Ref="system_1935"/>
  </Block>
  <Block BlockType="SubSystem" Name="MATLAB Function10" SID="1938">
    <PortCounts in="1" out="1"/>
    <P Name="Position">[1550, 677, 1645, 723]</P>
    <P Name="ZOrder">100000</P>
    <P Name="LibrarySourceBlock">simulink/User-Defined
Functions/MATLAB Function</P>
    <P Name="ErrorFcn">Stateflow.Translate.translate</P>
    <P Name="PermitHierarchicalResolution">ExplicitOnly</P>
    <P Name="TreatAsAtomicUnit">on</P>
    <P Name="SFBlockType">MATLAB Function</P>
    <P Name="ContentPreviewEnabled">on</P>
    <PortProperties>
      <Port Type="out" Index="1">
        <P Name="PropagatedSignals">yaw</P>
      </Port>
    </PortProperties>
    <System Ref="system_1938"/>
  </Block>
  <Block BlockType="SubSystem" Name="MATLAB Function2" SID="1936">
    <PortCounts in="1" out="1"/>
    <P Name="Position">[1375, 547, 1445, 593]</P>
    <P Name="ZOrder">100000</P>
    <P Name="LibrarySourceBlock">simulink/User-Defined
Functions/MATLAB Function</P>
    <P Name="ErrorFcn">Stateflow.Translate.translate</P>
    <P Name="PermitHierarchicalResolution">ExplicitOnly</P>
    <P Name="TreatAsAtomicUnit">on</P>
    <P Name="SFBlockType">MATLAB Function</P>
    <P Name="ContentPreviewEnabled">on</P>
    <PortProperties>
      <Port Type="out" Index="1">
        <P Name="PropagatedSignals">x</P>
      </Port>
    </PortProperties>
    <System Ref="system_1936"/>
  </Block>
  <Block BlockType="SubSystem" Name="MATLAB Function3" SID="1937">
    <PortCounts in="1" out="1"/>
    <P Name="Position">[1375, 612, 1445, 658]</P>
    <P Name="ZOrder">100000</P>
    <P Name="LibrarySourceBlock">simulink/User-Defined
Functions/MATLAB Function</P>
    <P Name="ErrorFcn">Stateflow.Translate.translate</P>
    <P Name="PermitHierarchicalResolution">ExplicitOnly</P>
    <P Name="TreatAsAtomicUnit">on</P>
    <P Name="SFBlockType">MATLAB Function</P>
    <P Name="ContentPreviewEnabled">on</P>
    <PortProperties>
      <Port Type="out" Index="1">
        <P Name="PropagatedSignals">y</P>
      </Port>
    </PortProperties>
    <System Ref="system_1937"/>
  </Block>
  <Block BlockType="SubSystem" Name="MATLAB Function4" SID="1905">
    <PortCounts in="2" out="1"/>
    <P Name="Position">[425, 569, 495, 616]</P>
    <P Name="ZOrder">100000</P>
    <P Name="LibrarySourceBlock">simulink/User-Defined
Functions/MATLAB Function</P>
    <P Name="ErrorFcn">Stateflow.Translate.translate</P>
    <P Name="PermitHierarchicalResolution">ExplicitOnly</P>
    <P Name="TreatAsAtomicUnit">on</P>
    <P Name="SFBlockType">MATLAB Function</P>
    <P Name="ContentPreviewEnabled">on</P>
    <PortProperties>
      <Port Type="out" Index="1">
        <P Name="PropagatedSignals">X</P>
      </Port>
    </PortProperties>
    <System Ref="system_1905"/>
  </Block>
  <Block BlockType="SubSystem" Name="MATLAB Function5" SID="1906">
    <PortCounts in="2" out="1"/>
    <P Name="Position">[425, 634, 495, 681]</P>
    <P Name="ZOrder">100000</P>
    <P Name="LibrarySourceBlock">simulink/User-Defined
Functions/MATLAB Function</P>
    <P Name="ErrorFcn">Stateflow.Translate.translate</P>
    <P Name="PermitHierarchicalResolution">ExplicitOnly</P>
    <P Name="TreatAsAtomicUnit">on</P>
    <P Name="SFBlockType">MATLAB Function</P>
    <P Name="ContentPreviewEnabled">on</P>
    <PortProperties>
      <Port Type="out" Index="1">
        <P Name="PropagatedSignals">Y</P>
      </Port>
    </PortProperties>
    <System Ref="system_1906"/>
  </Block>
  <Block BlockType="SubSystem" Name="MATLAB Function6" SID="1907">
    <PortCounts in="2" out="1"/>
    <P Name="Position">[-75, 1, 140, 139]</P>
    <P Name="ZOrder">100000</P>
    <P Name="LibrarySourceBlock">simulink/User-Defined
Functions/MATLAB Function</P>
    <P Name="ErrorFcn">Stateflow.Translate.translate</P>
    <P Name="PermitHierarchicalResolution">ExplicitOnly</P>
    <P Name="TreatAsAtomicUnit">on</P>
    <P Name="SFBlockType">MATLAB Function</P>
    <P Name="ContentPreviewEnabled">on</P>
    <PortProperties>
      <Port Type="out" Index="1">
        <P Name="PropagatedSignals">distances</P>
      </Port>
    </PortProperties>
    <System Ref="system_1907"/>
  </Block>
  <Block BlockType="SubSystem" Name="MATLAB Function7" SID="1920">
    <PortCounts in="5" out="3"/>
    <P Name="Position">[365, 22, 475, 318]</P>
    <P Name="ZOrder">100000</P>
    <P Name="LibrarySourceBlock">simulink/User-Defined
Functions/MATLAB Function</P>
    <P Name="ErrorFcn">Stateflow.Translate.translate</P>
    <P Name="PermitHierarchicalResolution">ExplicitOnly</P>
    <P Name="TreatAsAtomicUnit">on</P>
    <P Name="SFBlockType">MATLAB Function</P>
    <P Name="ContentPreviewEnabled">on</P>
    <PortProperties>
      <Port Type="out" Index="1">
        <P Name="PropagatedSignals">min_d</P>
      </Port>
      <Port Type="out" Index="2">
        <P Name="PropagatedSignals">theta_e</P>
      </Port>
      <Port Type="out" Index="3">
        <P Name="PropagatedSignals">Esc</P>
      </Port>
    </PortProperties>
    <System Ref="system_1920"/>
  </Block>
  <Block BlockType="SubSystem" Name="MATLAB Function8" SID="1923">
    <PortCounts in="6" out="2"/>
    <P Name="Position">[610, -89, 875, 304]</P>
    <P Name="ZOrder">100000</P>
    <P Name="LibrarySourceBlock">simulink/User-Defined
Functions/MATLAB Function</P>
    <P Name="ErrorFcn">Stateflow.Translate.translate</P>
    <P Name="PermitHierarchicalResolution">ExplicitOnly</P>
    <P Name="TreatAsAtomicUnit">on</P>
    <P Name="SFBlockType">MATLAB Function</P>
    <P Name="ContentPreviewEnabled">on</P>
    <PortProperties>
      <Port Type="out" Index="1">
        <P Name="PropagatedSignals">ESC</P>
      </Port>
      <Port Type="out" Index="2">
        <P Name="PropagatedSignals">delta</P>
      </Port>
    </PortProperties>
    <System Ref="system_1923"/>
  </Block>
  <Block BlockType="SubSystem" Name="MATLAB Function9" SID="1931">
    <PortCounts in="1" out="1"/>
    <P Name="Position">[1260, 247, 1330, 293]</P>
    <P Name="ZOrder">100000</P>
    <P Name="LibrarySourceBlock">simulink/User-Defined
Functions/MATLAB Function</P>
    <P Name="ErrorFcn">Stateflow.Translate.translate</P>
    <P Name="PermitHierarchicalResolution">ExplicitOnly</P>
    <P Name="TreatAsAtomicUnit">on</P>
    <P Name="SFBlockType">MATLAB Function</P>
    <P Name="ContentPreviewEnabled">on</P>
    <PortProperties>
      <Port Type="out" Index="1">
        <P Name="PropagatedSignals">Z</P>
      </Port>
    </PortProperties>
    <System Ref="system_1931"/>
  </Block>
  <Block BlockType="Reference" Name="Minimum" SID="1917">
    <PortCounts in="1" out="2"/>
    <P Name="Position">[205, 30, 260, 110]</P>
    <P Name="ZOrder">100000</P>
    <P Name="LibraryVersion">8.0</P>
    <P Name="UserDataPersistent">on</P>
    <P Name="UserData" Ref="bdmxdata:UserData_1917"/>
    <P Name="SourceBlock">dspstat3/Minimum</P>
    <P Name="SourceType">Minimum</P>
    <InstanceData>
      <P Name="MultithreadedSim">auto</P>
      <P Name="operation">minimum</P>
      <P Name="fcn">Value and Index</P>
      <P Name="indexBase">One</P>
      <P Name="operateOver">Each row</P>
      <P Name="Dimension">1</P>
      <P Name="InputProcessing">Columns as channels (frame based)</P>
      <P Name="reset">None</P>
      <P Name="roiEnable">off</P>
      <P Name="roiType">Rectangles</P>
      <P Name="roiPortion">Entire ROI</P>
      <P Name="roiOutput">Individual statistics for each ROI</P>
      <P Name="roiFlag">off</P>
      <P Name="additionalParams">off</P>
      <P Name="allowOverrides">on</P>
      <P Name="roundingMode">Floor</P>
      <P Name="overflowMode">off</P>
      <P Name="prodOutputMode">Same as input</P>
      <P Name="prodOutputWordLength">32</P>
      <P Name="prodOutputFracLength">30</P>
      <P Name="prodOutputDataTypeStr">Inherit: Same as input</P>
      <P Name="prodOutputLastDataTypeStr">Inherit: Same as input</P>
      <P Name="accumMode">Same as input</P>
      <P Name="accumWordLength">32</P>
      <P Name="accumFracLength">30</P>
      <P Name="accumDataTypeStr">Inherit: Same as input</P>
      <P Name="accumLastDataTypeStr">Inherit: Same as input</P>
      <P Name="LockScale">off</P>
    </InstanceData>
  </Block>
  <Block BlockType="Mux" Name="Mux1" SID="1880">
    <PortCounts in="3" out="1"/>
    <P Name="Position">[565, 542, 615, 778]</P>
    <P Name="ZOrder">100000</P>
    <P Name="Inputs">3</P>
    <P Name="DisplayOption">bar</P>
  </Block>
  <Block BlockType="Mux" Name="Mux2" SID="1939">
    <PortCounts in="3" out="1"/>
    <P Name="Position">[1680, 535, 1735, 735]</P>
    <P Name="ZOrder">100000</P>
    <P Name="Inputs">3</P>
    <P Name="DisplayOption">bar</P>
  </Block>
  <Block BlockType="Reference" Name="Publish" SID="1889">
    <PortCounts in="1"/>
    <P Name="Position">[1580, 110, 1730, 190]</P>
    <P Name="ZOrder">100000</P>
    <P Name="LibrarySourceBlock">roslib/ROS/Publish</P>
    <P Name="LibraryVersion">4.1</P>
    <P Name="SourceBlock">robotlib/Publish</P>
    <P Name="SourceType">ROS Publish</P>
    <InstanceData>
      <P Name="RTWMemSecFuncInitTerm">Inherit from model</P>
      <P Name="RTWMemSecFuncExecute">Inherit from model</P>
      <P Name="RTWMemSecDataConstants">Inherit from model</P>
      <P Name="RTWMemSecDataInternal">Inherit from model</P>
      <P Name="RTWMemSecDataParameters">Inherit from model</P>
      <P Name="ContentPreviewEnabled">on</P>
      <P Name="topicSource">Specify your own</P>
      <P Name="topic">/cmd_vel</P>
      <P Name="messageType">geometry_msgs/Twist</P>
      <P Name="legacyBusStruct">off</P>
      <P Name="messageQueueLength">1</P>
    </InstanceData>
  </Block>
  <Block BlockType="Reference" Name="Subscribe" SID="1881">
    <PortCounts out="2"/>
    <P Name="Position">[-100, 459, 185, 726]</P>
    <P Name="ZOrder">100000</P>
    <P Name="LibrarySourceBlock">roslib/ROS/Subscribe</P>
    <P Name="LibraryVersion">4.1</P>
    <P Name="SourceBlock">robotlib/Subscribe</P>
    <P Name="SourceType">ROS Subscribe</P>
    <InstanceData>
      <P Name="RTWMemSecFuncInitTerm">Inherit from model</P>
      <P Name="RTWMemSecFuncExecute">Inherit from model</P>
      <P Name="RTWMemSecDataConstants">Inherit from model</P>
      <P Name="RTWMemSecDataInternal">Inherit from model</P>
      <P Name="RTWMemSecDataParameters">Inherit from model</P>
      <P Name="ContentPreviewEnabled">on</P>
      <P Name="topicSource">Specify your own</P>
      <P Name="topic">/slam_out_pose</P>
      <P Name="messageType">geometry_msgs/PoseStamped</P>
      <P Name="SampleTime">1/hz</P>
      <P Name="legacyBusStruct">off</P>
      <P Name="messageQueueLength">1</P>
    </InstanceData>
  </Block>
  <Block BlockType="Reference" Name="Subscribe1" SID="1940">
    <PortCounts out="2"/>
    <P Name="Position">[910, 434, 1195, 701]</P>
    <P Name="ZOrder">100000</P>
    <P Name="LibrarySourceBlock">roslib/ROS/Subscribe</P>
    <P Name="LibraryVersion">4.1</P>
    <P Name="SourceBlock">robotlib/Subscribe</P>
    <P Name="SourceType">ROS Subscribe</P>
    <InstanceData>
      <P Name="RTWMemSecFuncInitTerm">Inherit from model</P>
      <P Name="RTWMemSecFuncExecute">Inherit from model</P>
      <P Name="RTWMemSecDataConstants">Inherit from model</P>
      <P Name="RTWMemSecDataInternal">Inherit from model</P>
      <P Name="RTWMemSecDataParameters">Inherit from model</P>
      <P Name="ContentPreviewEnabled">on</P>
      <P Name="topicSource">Specify your own</P>
      <P Name="topic">/imu_data_raw</P>
      <P Name="messageType">sensor_msgs/Imu</P>
      <P Name="SampleTime">1/hz</P>
      <P Name="legacyBusStruct">off</P>
      <P Name="messageQueueLength">1</P>
    </InstanceData>
  </Block>
  <Block BlockType="Terminator" Name="Terminator" SID="1882">
    <P Name="Position">[245, 515, 265, 535]</P>
    <P Name="ZOrder">100000</P>
  </Block>
  <Block BlockType="Terminator" Name="Terminator1" SID="1944">
    <P Name="Position">[480, 775, 500, 795]</P>
    <P Name="ZOrder">100000</P>
  </Block>
  <Block BlockType="Terminator" Name="Terminator3" SID="1941">
    <P Name="Position">[1250, 490, 1270, 510]</P>
    <P Name="ZOrder">100000</P>
  </Block>
  <Block BlockType="ToWorkspace" Name="To Workspace" SID="1883">
    <PortCounts in="1"/>
    <P Name="Position">[720, 722, 820, 768]</P>
    <P Name="ZOrder">100000</P>
    <P Name="VariableName">simout</P>
    <P Name="MaxDataPoints">inf</P>
    <P Name="SaveFormat">Timeseries</P>
    <P Name="FixptAsFi">on</P>
    <P Name="SampleTime">-1</P>
  </Block>
  <Block BlockType="ToWorkspace" Name="To Workspace2" SID="1942">
    <PortCounts in="1"/>
    <P Name="Position">[1780, 612, 1880, 658]</P>
    <P Name="ZOrder">100000</P>
    <P Name="VariableName">acc_gyro</P>
    <P Name="MaxDataPoints">inf</P>
    <P Name="SaveFormat">Structure With Time</P>
    <P Name="FixptAsFi">on</P>
    <P Name="SampleTime">-1</P>
  </Block>
  <Block BlockType="Scope" Name="Scope" SID="1480">
    <PortCounts/>
    <P Name="Position">[185, 14, 215, 46]</P>
    <P Name="ZOrder">100000</P>
    <P Name="IOType">viewer</P>
    <P Name="ScopeSpecificationString">Simulink.scopes.TimeScopeBlockCfg(&apos;CurrentConfiguration&apos;, extmgr.ConfigurationSet(extmgr.Configuration(&apos;Core&apos;,&apos;General UI&apos;,true),extmgr.Configuration(&apos;Core&apos;,&apos;Source UI&apos;,true),extmgr.Configuration(&apos;Sources&apos;,&apos;WiredSimulink&apos;,true),extmgr.Configuration(&apos;Visuals&apos;,&apos;Time Domain&apos;,true,&apos;SerializedDisplays&apos;,{struct(&apos;MinYLimReal&apos;,&apos;0.80948&apos;,&apos;MaxYLimReal&apos;,&apos;29.31919&apos;,&apos;YLabelReal&apos;,&apos;&apos;,&apos;MinYLimMag&apos;,&apos;0.80948&apos;,&apos;MaxYLimMag&apos;,&apos;29.31919&apos;,&apos;LegendVisibility&apos;,&apos;off&apos;,&apos;XGrid&apos;,true,&apos;YGrid&apos;,true,&apos;PlotMagPhase&apos;,false,&apos;AxesColor&apos;,[0 0 0],&apos;AxesTickColor&apos;,[0.686274509803922 0.686274509803922 0.686274509803922],&apos;ColorOrder&apos;,[1 1 0.0666666666666667;0.0745098039215686 0.623529411764706 1;1 0.411764705882353 0.16078431372549;0.392156862745098 0.831372549019608 0.0745098039215686;0.717647058823529 0.274509803921569 1;0.0588235294117647 1 1;1 0.0745098039215686 0.650980392156863],&apos;Title&apos;,&apos;%&lt;SignalLabel&gt;&apos;,&apos;LinePropertiesCache&apos;,{{}},&apos;UserDefinedChannelNames&apos;,{{}},&apos;NumLines&apos;,0,&apos;LineNames&apos;,{{[]}},&apos;ShowContent&apos;,true,&apos;Placement&apos;,1)},&apos;DisplayPropertyDefaults&apos;,struct(&apos;MinYLimReal&apos;,&apos;0.80948&apos;,&apos;MaxYLimReal&apos;,&apos;29.31919&apos;,&apos;YLabelReal&apos;,&apos;&apos;,&apos;MinYLimMag&apos;,&apos;0.80948&apos;,&apos;MaxYLimMag&apos;,&apos;29.31919&apos;,&apos;LegendVisibility&apos;,&apos;off&apos;,&apos;XGrid&apos;,true,&apos;YGrid&apos;,true,&apos;PlotMagPhase&apos;,false,&apos;AxesColor&apos;,[0 0 0],&apos;AxesTickColor&apos;,[0.686274509803922 0.686274509803922 0.686274509803922],&apos;ColorOrder&apos;,[0.0745098039215686 0.623529411764706 1;1 0.411764705882353 0.16078431372549;1 1 0.0666666666666667;0.717647058823529 0.274509803921569 1;0.392156862745098 0.831372549019608 0.0745098039215686;0.0588235294117647 1 1;1 0.0745098039215686 0.650980392156863])),extmgr.Configuration(&apos;Tools&apos;,&apos;Plot Navigation&apos;,true,&apos;PreviousAutoscale&apos;,&apos;XY&apos;,&apos;OnceAtStop&apos;,false),extmgr.Configuration(&apos;Tools&apos;,&apos;Measurements&apos;,true,&apos;Version&apos;,&apos;2022b&apos;)),&apos;Version&apos;,&apos;2022b&apos;,&apos;Position&apos;,[425 217 431 287])</P>
    <P Name="NumInputPorts">1</P>
    <P Name="Floating">off</P>
  </Block>
  <Block BlockType="Scope" Name="Scope1" SID="1481">
    <PortCounts/>
    <P Name="Position">[185, 14, 215, 46]</P>
    <P Name="ZOrder">100000</P>
    <P Name="IOType">viewer</P>
    <P Name="ScopeSpecificationString">Simulink.scopes.TimeScopeBlockCfg(&apos;CurrentConfiguration&apos;, extmgr.ConfigurationSet(extmgr.Configuration(&apos;Core&apos;,&apos;General UI&apos;,true),extmgr.Configuration(&apos;Core&apos;,&apos;Source UI&apos;,true),extmgr.Configuration(&apos;Sources&apos;,&apos;WiredSimulink&apos;,true,&apos;DataLoggingVariableName&apos;,&apos;ScopeData1&apos;),extmgr.Configuration(&apos;Visuals&apos;,&apos;Time Domain&apos;,true,&apos;SerializedDisplays&apos;,{struct(&apos;MinYLimReal&apos;,&apos;-0.12918&apos;,&apos;MaxYLimReal&apos;,&apos;0.1179&apos;,&apos;YLabelReal&apos;,&apos;&apos;,&apos;MinYLimMag&apos;,&apos;0.00000&apos;,&apos;MaxYLimMag&apos;,&apos;0.12918&apos;,&apos;LegendVisibility&apos;,&apos;off&apos;,&apos;XGrid&apos;,true,&apos;YGrid&apos;,true,&apos;PlotMagPhase&apos;,false,&apos;AxesColor&apos;,[0 0 0],&apos;AxesTickColor&apos;,[0.686274509803922 0.686274509803922 0.686274509803922],&apos;ColorOrder&apos;,[1 1 0.0666666666666667;0.0745098039215686 0.623529411764706 1;1 0.411764705882353 0.16078431372549;0.392156862745098 0.831372549019608 0.0745098039215686;0.717647058823529 0.274509803921569 1;0.0588235294117647 1 1;1 0.0745098039215686 0.650980392156863],&apos;Title&apos;,&apos;%&lt;SignalLabel&gt;&apos;,&apos;LinePropertiesCache&apos;,{{}},&apos;UserDefinedChannelNames&apos;,{{}},&apos;NumLines&apos;,0,&apos;LineNames&apos;,{{[]}},&apos;ShowContent&apos;,true,&apos;Placement&apos;,1)},&apos;DisplayPropertyDefaults&apos;,struct(&apos;MinYLimReal&apos;,&apos;-0.12918&apos;,&apos;MaxYLimReal&apos;,&apos;0.1179&apos;,&apos;YLabelReal&apos;,&apos;&apos;,&apos;MinYLimMag&apos;,&apos;0.00000&apos;,&apos;MaxYLimMag&apos;,&apos;0.12918&apos;,&apos;LegendVisibility&apos;,&apos;off&apos;,&apos;XGrid&apos;,true,&apos;YGrid&apos;,true,&apos;PlotMagPhase&apos;,false,&apos;AxesColor&apos;,[0 0 0],&apos;AxesTickColor&apos;,[0.686274509803922 0.686274509803922 0.686274509803922],&apos;ColorOrder&apos;,[0.0745098039215686 0.623529411764706 1;1 0.411764705882353 0.16078431372549;1 1 0.0666666666666667;0.717647058823529 0.274509803921569 1;0.392156862745098 0.831372549019608 0.0745098039215686;0.0588235294117647 1 1;1 0.0745098039215686 0.650980392156863])),extmgr.Configuration(&apos;Tools&apos;,&apos;Plot Navigation&apos;,true,&apos;PreviousAutoscale&apos;,&apos;XY&apos;),extmgr.Configuration(&apos;Tools&apos;,&apos;Measurements&apos;,true,&apos;Version&apos;,&apos;2022b&apos;)),&apos;Version&apos;,&apos;2022b&apos;,&apos;Position&apos;,[710 377 501 327])</P>
    <P Name="NumInputPorts">1</P>
    <P Name="Floating">off</P>
  </Block>
  <Block BlockType="Scope" Name="Scope2" SID="1482">
    <PortCounts/>
    <P Name="Position">[185, 14, 215, 46]</P>
    <P Name="ZOrder">100000</P>
    <P Name="IOType">viewer</P>
    <P Name="ScopeSpecificationString">Simulink.scopes.TimeScopeBlockCfg(&apos;CurrentConfiguration&apos;, extmgr.ConfigurationSet(extmgr.Configuration(&apos;Core&apos;,&apos;General UI&apos;,true),extmgr.Configuration(&apos;Core&apos;,&apos;Source UI&apos;,true),extmgr.Configuration(&apos;Sources&apos;,&apos;WiredSimulink&apos;,true,&apos;DataLoggingVariableName&apos;,&apos;ScopeData2&apos;),extmgr.Configuration(&apos;Visuals&apos;,&apos;Time Domain&apos;,true,&apos;SerializedDisplays&apos;,{struct(&apos;MinYLimReal&apos;,&apos;-0.12487&apos;,&apos;MaxYLimReal&apos;,&apos;1.12387&apos;,&apos;YLabelReal&apos;,&apos;&apos;,&apos;MinYLimMag&apos;,&apos;0.00000&apos;,&apos;MaxYLimMag&apos;,&apos;1.12387&apos;,&apos;LegendVisibility&apos;,&apos;off&apos;,&apos;XGrid&apos;,true,&apos;YGrid&apos;,true,&apos;PlotMagPhase&apos;,false,&apos;AxesColor&apos;,[0 0 0],&apos;AxesTickColor&apos;,[0.686274509803922 0.686274509803922 0.686274509803922],&apos;ColorOrder&apos;,[1 1 0.0666666666666667;0.0745098039215686 0.623529411764706 1;1 0.411764705882353 0.16078431372549;0.392156862745098 0.831372549019608 0.0745098039215686;0.717647058823529 0.274509803921569 1;0.0588235294117647 1 1;1 0.0745098039215686 0.650980392156863],&apos;Title&apos;,&apos;%&lt;SignalLabel&gt;&apos;,&apos;LinePropertiesCache&apos;,{{}},&apos;UserDefinedChannelNames&apos;,{{}},&apos;NumLines&apos;,0,&apos;LineNames&apos;,{{[]}},&apos;ShowContent&apos;,true,&apos;Placement&apos;,1)},&apos;DisplayPropertyDefaults&apos;,struct(&apos;MinYLimReal&apos;,&apos;-0.12487&apos;,&apos;MaxYLimReal&apos;,&apos;1.12387&apos;,&apos;YLabelReal&apos;,&apos;&apos;,&apos;MinYLimMag&apos;,&apos;0.00000&apos;,&apos;MaxYLimMag&apos;,&apos;1.12387&apos;,&apos;LegendVisibility&apos;,&apos;off&apos;,&apos;XGrid&apos;,true,&apos;YGrid&apos;,true,&apos;PlotMagPhase&apos;,false,&apos;AxesColor&apos;,[0 0 0],&apos;AxesTickColor&apos;,[0.686274509803922 0.686274509803922 0.686274509803922],&apos;ColorOrder&apos;,[0.0745098039215686 0.623529411764706 1;1 0.411764705882353 0.16078431372549;1 1 0.0666666666666667;0.717647058823529 0.274509803921569 1;0.392156862745098 0.831372549019608 0.0745098039215686;0.0588235294117647 1 1;1 0.0745098039215686 0.650980392156863])),extmgr.Configuration(&apos;Tools&apos;,&apos;Plot Navigation&apos;,true,&apos;PreviousAutoscale&apos;,&apos;XY&apos;),extmgr.Configuration(&apos;Tools&apos;,&apos;Measurements&apos;,true,&apos;Version&apos;,&apos;2022b&apos;)),&apos;Version&apos;,&apos;2022b&apos;,&apos;Position&apos;,[441 178 560 420])</P>
    <P Name="NumInputPorts">1</P>
    <P Name="Floating">off</P>
  </Block>
  <Block BlockType="Scope" Name="Scope3" SID="1483">
    <PortCounts/>
    <P Name="Position">[185, 14, 215, 46]</P>
    <P Name="ZOrder">100000</P>
    <P Name="IOType">viewer</P>
    <P Name="ScopeSpecificationString">Simulink.scopes.TimeScopeBlockCfg(&apos;CurrentConfiguration&apos;, extmgr.ConfigurationSet(extmgr.Configuration(&apos;Core&apos;,&apos;General UI&apos;,true),extmgr.Configuration(&apos;Core&apos;,&apos;Source UI&apos;,true),extmgr.Configuration(&apos;Sources&apos;,&apos;WiredSimulink&apos;,true,&apos;DataLoggingVariableName&apos;,&apos;ScopeData1&apos;),extmgr.Configuration(&apos;Visuals&apos;,&apos;Time Domain&apos;,true,&apos;SerializedDisplays&apos;,{struct(&apos;MinYLimReal&apos;,&apos;-0.125&apos;,&apos;MaxYLimReal&apos;,&apos;1.125&apos;,&apos;YLabelReal&apos;,&apos;&apos;,&apos;MinYLimMag&apos;,&apos;0.00000&apos;,&apos;MaxYLimMag&apos;,&apos;1.125&apos;,&apos;LegendVisibility&apos;,&apos;off&apos;,&apos;XGrid&apos;,true,&apos;YGrid&apos;,true,&apos;PlotMagPhase&apos;,false,&apos;AxesColor&apos;,[0 0 0],&apos;AxesTickColor&apos;,[0.686274509803922 0.686274509803922 0.686274509803922],&apos;ColorOrder&apos;,[1 1 0.0666666666666667;0.0745098039215686 0.623529411764706 1;1 0.411764705882353 0.16078431372549;0.392156862745098 0.831372549019608 0.0745098039215686;0.717647058823529 0.274509803921569 1;0.0588235294117647 1 1;1 0.0745098039215686 0.650980392156863],&apos;Title&apos;,&apos;%&lt;SignalLabel&gt;&apos;,&apos;LinePropertiesCache&apos;,{{}},&apos;UserDefinedChannelNames&apos;,{{}},&apos;NumLines&apos;,0,&apos;LineNames&apos;,{{[]}},&apos;ShowContent&apos;,true,&apos;Placement&apos;,1)},&apos;DisplayPropertyDefaults&apos;,struct(&apos;MinYLimReal&apos;,&apos;-0.125&apos;,&apos;MaxYLimReal&apos;,&apos;1.125&apos;,&apos;YLabelReal&apos;,&apos;&apos;,&apos;MinYLimMag&apos;,&apos;0.00000&apos;,&apos;MaxYLimMag&apos;,&apos;1.125&apos;,&apos;LegendVisibility&apos;,&apos;off&apos;,&apos;XGrid&apos;,true,&apos;YGrid&apos;,true,&apos;PlotMagPhase&apos;,false,&apos;AxesColor&apos;,[0 0 0],&apos;AxesTickColor&apos;,[0.686274509803922 0.686274509803922 0.686274509803922],&apos;ColorOrder&apos;,[0.0745098039215686 0.623529411764706 1;1 0.411764705882353 0.16078431372549;1 1 0.0666666666666667;0.717647058823529 0.274509803921569 1;0.392156862745098 0.831372549019608 0.0745098039215686;0.0588235294117647 1 1;1 0.0745098039215686 0.650980392156863])),extmgr.Configuration(&apos;Tools&apos;,&apos;Plot Navigation&apos;,true),extmgr.Configuration(&apos;Tools&apos;,&apos;Measurements&apos;,true,&apos;Version&apos;,&apos;2022b&apos;)),&apos;Version&apos;,&apos;2022b&apos;)</P>
    <P Name="NumInputPorts">1</P>
    <P Name="Floating">off</P>
  </Block>
  <Block BlockType="Scope" Name="Scope4" SID="1831">
    <PortCounts/>
    <P Name="Position">[185, 14, 215, 46]</P>
    <P Name="ZOrder">100000</P>
    <P Name="IOType">viewer</P>
    <P Name="ScopeSpecificationString">Simulink.scopes.TimeScopeBlockCfg(&apos;CurrentConfiguration&apos;, extmgr.ConfigurationSet(extmgr.Configuration(&apos;Core&apos;,&apos;General UI&apos;,true),extmgr.Configuration(&apos;Core&apos;,&apos;Source UI&apos;,true),extmgr.Configuration(&apos;Sources&apos;,&apos;WiredSimulink&apos;,true,&apos;DataLoggingVariableName&apos;,&apos;ScopeData1&apos;),extmgr.Configuration(&apos;Visuals&apos;,&apos;Time Domain&apos;,true,&apos;SerializedDisplays&apos;,{struct(&apos;MinYLimReal&apos;,&apos;-56.25&apos;,&apos;MaxYLimReal&apos;,&apos;56.25&apos;,&apos;YLabelReal&apos;,&apos;&apos;,&apos;MinYLimMag&apos;,&apos;0.00000&apos;,&apos;MaxYLimMag&apos;,&apos;56.25&apos;,&apos;LegendVisibility&apos;,&apos;off&apos;,&apos;XGrid&apos;,true,&apos;YGrid&apos;,true,&apos;PlotMagPhase&apos;,false,&apos;AxesColor&apos;,[0 0 0],&apos;AxesTickColor&apos;,[0.686274509803922 0.686274509803922 0.686274509803922],&apos;ColorOrder&apos;,[1 1 0.0666666666666667;0.0745098039215686 0.623529411764706 1;1 0.411764705882353 0.16078431372549;0.392156862745098 0.831372549019608 0.0745098039215686;0.717647058823529 0.274509803921569 1;0.0588235294117647 1 1;1 0.0745098039215686 0.650980392156863],&apos;Title&apos;,&apos;%&lt;SignalLabel&gt;&apos;,&apos;LinePropertiesCache&apos;,{{}},&apos;UserDefinedChannelNames&apos;,{{}},&apos;NumLines&apos;,1,&apos;LineNames&apos;,{{&apos;Lateral Controller Stanley/steerCmd&apos;}},&apos;ShowContent&apos;,true,&apos;Placement&apos;,1)},&apos;DisplayPropertyDefaults&apos;,struct(&apos;MinYLimReal&apos;,&apos;-56.25&apos;,&apos;MaxYLimReal&apos;,&apos;56.25&apos;,&apos;YLabelReal&apos;,&apos;&apos;,&apos;MinYLimMag&apos;,&apos;0.00000&apos;,&apos;MaxYLimMag&apos;,&apos;56.25&apos;,&apos;LegendVisibility&apos;,&apos;off&apos;,&apos;XGrid&apos;,true,&apos;YGrid&apos;,true,&apos;PlotMagPhase&apos;,false,&apos;AxesColor&apos;,[0 0 0],&apos;AxesTickColor&apos;,[0.686274509803922 0.686274509803922 0.686274509803922],&apos;ColorOrder&apos;,[0.0745098039215686 0.623529411764706 1;1 0.411764705882353 0.16078431372549;1 1 0.0666666666666667;0.717647058823529 0.274509803921569 1;0.392156862745098 0.831372549019608 0.0745098039215686;0.0588235294117647 1 1;1 0.0745098039215686 0.650980392156863])),extmgr.Configuration(&apos;Tools&apos;,&apos;Plot Navigation&apos;,true),extmgr.Configuration(&apos;Tools&apos;,&apos;Measurements&apos;,true,&apos;Version&apos;,&apos;2022b&apos;)),&apos;Version&apos;,&apos;2022b&apos;,&apos;Position&apos;,[566 224 560 420])</P>
    <P Name="NumInputPorts">1</P>
    <P Name="Floating">off</P>
  </Block>
  <Line>
    <P Name="ZOrder">1786</P>
    <P Name="Src">1886#out:1</P>
    <P Name="Dst">1889#in:1</P>
  </Line>
  <Line>
    <P Name="ZOrder">1787</P>
    <P Name="Src">1885#out:1</P>
    <P Name="Dst">1886#in:1</P>
  </Line>
  <Line>
    <P Name="ZOrder">1994</P>
    <P Name="Src">1929#out:1</P>
    <P Name="Dst">1931#in:1</P>
  </Line>
  <Line>
    <P Name="ZOrder">1899</P>
    <P Name="Src">1909#out:1</P>
    <P Name="Dst">1907#in:2</P>
  </Line>
  <Line>
    <P Name="ZOrder">1907</P>
    <P Name="Src">1913#out:1</P>
    <P Name="Dst">1907#in:1</P>
  </Line>
  <Line>
    <P Name="ZOrder">1912</P>
    <P Name="Src">1907#out:1</P>
    <P Name="Dst">1917#in:1</P>
  </Line>
  <Line>
    <P Name="ZOrder">1928</P>
    <P Name="Src">1917#out:1</P>
    <P Name="Dst">1920#in:1</P>
  </Line>
  <Line>
    <P Name="ZOrder">1923</P>
    <P Name="Src">1917#out:2</P>
    <P Name="Points">[28, 0; 0, 20]</P>
    <P Name="Dst">1920#in:2</P>
  </Line>
  <Line>
    <P Name="ZOrder">1926</P>
    <P Name="Src">1921#out:1</P>
    <P Name="Dst">1920#in:3</P>
  </Line>
  <Line>
    <P Name="ZOrder">1927</P>
    <P Name="Src">1922#out:1</P>
    <P Name="Dst">1920#in:4</P>
  </Line>
  <Line>
    <P Name="ZOrder">1932</P>
    <P Name="Src">1920#out:2</P>
    <P Name="Points">[77, 0; 0, 35]</P>
    <P Name="Dst">1923#in:5</P>
  </Line>
  <Line>
    <P Name="ZOrder">1933</P>
    <P Name="Src">1920#out:1</P>
    <P Name="Points">[8, 0; 0, 70]</P>
    <P Name="Dst">1923#in:4</P>
  </Line>
  <Line>
    <P Name="ZOrder">1934</P>
    <P Name="Src">1924#out:1</P>
    <P Name="Points">[37, 0; 0, 45]</P>
    <P Name="Dst">1923#in:1</P>
  </Line>
  <Line>
    <P Name="ZOrder">1935</P>
    <P Name="Src">1925#out:1</P>
    <P Name="Points">[30, 0; 0, 30]</P>
    <P Name="Dst">1923#in:2</P>
  </Line>
  <Line>
    <P Name="ZOrder">1936</P>
    <P Name="Src">1926#out:1</P>
    <P Name="Points">[22, 0; 0, 15]</P>
    <P Name="Dst">1923#in:3</P>
  </Line>
  <Line>
    <P Name="ZOrder">1939</P>
    <P Name="Src">1920#out:3</P>
    <P Name="Dst">1923#in:6</P>
  </Line>
  <Line>
    <P Name="ZOrder">1940</P>
    <P Name="Src">1928#out:1</P>
    <P Name="Dst">1920#in:5</P>
  </Line>
  <Line>
    <P Name="ZOrder">1942</P>
    <P Name="Src">1923#out:2</P>
    <P Name="Points">[78, 0; 0, 65]</P>
    <P Name="Dst">1929#in:1</P>
  </Line>
  <Line>
    <P Name="ZOrder">1967</P>
    <P Name="Src">1905#out:1</P>
    <P Name="Points">[13, 0; 0, -15]</P>
    <P Name="Dst">1880#in:1</P>
  </Line>
  <Line>
    <P Name="Name">&lt;Y&gt;</P>
    <P Name="ZOrder">1969</P>
    <P Name="Labels">[0, 0]</P>
    <P Name="Src">1877#out:2</P>
    <P Name="Points">[18, 0; 0, -15]</P>
    <P Name="Dst">1906#in:1</P>
  </Line>
  <Line>
    <P Name="Name">&lt;X&gt;</P>
    <P Name="ZOrder">1972</P>
    <P Name="Labels">[0, 0]</P>
    <P Name="Src">1877#out:1</P>
    <P Name="Dst">1905#in:1</P>
  </Line>
  <Line>
    <P Name="ZOrder">2071</P>
    <P Name="Src">1943#out:1</P>
    <P Name="Points">[63, 0; 0, -45]</P>
    <Branch>
      <P Name="ZOrder">2038</P>
      <P Name="Points">[0, -58; -108, 0; 0, -62]</P>
      <Branch>
        <P Name="ZOrder">2040</P>
        <P Name="Dst">1906#in:2</P>
      </Branch>
      <Branch>
        <P Name="ZOrder">2039</P>
        <P Name="Points">[0, -65]</P>
        <P Name="Dst">1905#in:2</P>
      </Branch>
    </Branch>
    <Branch>
      <P Name="ZOrder">2037</P>
      <P Name="Points">[12, 0; 0, -50]</P>
      <P Name="Dst">1880#in:3</P>
    </Branch>
  </Line>
  <Line>
    <P Name="ZOrder">1981</P>
    <P Name="Src">1880#out:1</P>
    <P Name="Points">[36, 0]</P>
    <Branch>
      <P Name="ZOrder">1980</P>
      <P Name="Dst">1878#in:1</P>
    </Branch>
    <Branch>
      <P Name="ZOrder">1979</P>
      <P Name="Points">[0, 85]</P>
      <P Name="Dst">1883#in:1</P>
    </Branch>
  </Line>
  <Line>
    <P Name="ZOrder">1982</P>
    <P Name="Src">1906#out:1</P>
    <P Name="Dst">1880#in:2</P>
  </Line>
  <Line>
    <P Name="ZOrder">1983</P>
    <P Name="Src">1881#out:1</P>
    <P Name="Dst">1882#in:1</P>
  </Line>
  <Line>
    <P Name="ZOrder">1984</P>
    <P Name="Src">1881#out:2</P>
    <P Name="Dst">1877#in:1</P>
  </Line>
  <Line>
    <P Name="Name">&lt;Z&gt;</P>
    <P Name="ZOrder">1990</P>
    <P Name="Labels">[0, 0]</P>
    <P Name="Src">1877#out:3</P>
    <P Name="Points">[10, 0]</P>
    <P Name="Dst">1879#in:1</P>
  </Line>
  <Line>
    <P Name="ZOrder">1992</P>
    <P Name="Src">1923#out:1</P>
    <P Name="Points">[65, 0; 0, 140]</P>
    <P Name="Dst">1886#in:2</P>
  </Line>
  <Line>
    <P Name="ZOrder">1995</P>
    <P Name="Src">1931#out:1</P>
    <P Name="Dst">1886#in:3</P>
  </Line>
  <Line>
    <P Name="ZOrder">2058</P>
    <P Name="Src">1938#out:1</P>
    <P Name="Points">[13, 0]</P>
    <Branch>
      <P Name="ZOrder">2057</P>
      <P Name="Points">[0, 70]</P>
      <P Name="Dst">1934#in:1</P>
    </Branch>
    <Branch>
      <P Name="ZOrder">2056</P>
      <P Name="Dst">1939#in:3</P>
    </Branch>
  </Line>
  <Line>
    <P Name="ZOrder">2059</P>
    <P Name="Src">1936#out:1</P>
    <P Name="Dst">1939#in:1</P>
  </Line>
  <Line>
    <P Name="ZOrder">2060</P>
    <P Name="Src">1933#out:1</P>
    <P Name="Dst">1938#in:1</P>
  </Line>
  <Line>
    <P Name="ZOrder">2061</P>
    <P Name="Src">1937#out:1</P>
    <P Name="Dst">1939#in:2</P>
  </Line>
  <Line>
    <P Name="ZOrder">2062</P>
    <P Name="Src">1939#out:1</P>
    <P Name="Dst">1942#in:1</P>
  </Line>
  <Line>
    <P Name="ZOrder">2063</P>
    <P Name="Src">1940#out:2</P>
    <P Name="Dst">1932#in:1</P>
  </Line>
  <Line>
    <P Name="ZOrder">2064</P>
    <P Name="Src">1940#out:1</P>
    <P Name="Dst">1941#in:1</P>
  </Line>
  <Line>
    <P Name="Name">&lt;Z&gt;</P>
    <P Name="ZOrder">2065</P>
    <P Name="Labels">[0, 0]</P>
    <P Name="Src">1932#out:3</P>
    <P Name="Dst">1935#in:1</P>
  </Line>
  <Line>
    <P Name="Name">&lt;X&gt;</P>
    <P Name="ZOrder">2066</P>
    <P Name="Labels">[0, 0]</P>
    <P Name="Src">1932#out:1</P>
    <P Name="Dst">1936#in:1</P>
  </Line>
  <Line>
    <P Name="ZOrder">2067</P>
    <P Name="Src">1935#out:1</P>
    <P Name="Dst">1933#in:1</P>
  </Line>
  <Line>
    <P Name="Name">&lt;Y&gt;</P>
    <P Name="ZOrder">2068</P>
    <P Name="Labels">[0, 0]</P>
    <P Name="Src">1932#out:2</P>
    <P Name="Dst">1937#in:1</P>
  </Line>
  <Line>
    <P Name="ZOrder">2072</P>
    <P Name="Src">1879#out:1</P>
    <P Name="Dst">1944#in:1</P>
  </Line>
  <Annotation SID="1930">
    <P Name="Name">&lt;!DOCTYPE HTML PUBLIC &quot;-//W3C//DTD HTML 4.0//EN&quot; &quot;http://www.w3.org/TR/REC-html40/strict.dtd&quot;&gt;
&lt;html&gt;&lt;head&gt;&lt;meta name=&quot;qrichtext&quot; content=&quot;1&quot; /&gt;&lt;style type=&quot;text/css&quot;&gt;
p, li { white-space: pre-wrap; }
&lt;/style&gt;&lt;/head&gt;&lt;body align=&quot;left&quot; style=&quot; font-family:&apos;Sans Serif&apos;; font-size:9pt; font-weight:400; font-style:normal;&quot;&gt;
&lt;p align=&quot;left&quot; style=&quot; margin-top:0px; margin-bottom:0px; margin-left:0px; margin-right:0px; -qt-block-indent:0; text-indent:0px;&quot;&gt;180/pi&lt;/p&gt;&lt;/body&gt;&lt;/html&gt;</P>
    <P Name="Position">[1058, 270, 1097, 287]</P>
    <P Name="InternalMargins">[0, 0, 0, 0]</P>
    <P Name="Interpreter">rich</P>
    <P Name="ZOrder">-1</P>
  </Annotation>
  <Annotation SID="1846">
    <P Name="Name">&lt;!DOCTYPE HTML PUBLIC &quot;-//W3C//DTD HTML 4.0//EN&quot; &quot;http://www.w3.org/TR/REC-html40/strict.dtd&quot;&gt;
&lt;html&gt;&lt;head&gt;&lt;meta name=&quot;qrichtext&quot; content=&quot;1&quot; /&gt;&lt;style type=&quot;text/css&quot;&gt;
p, li { white-space: pre-wrap; }
&lt;/style&gt;&lt;/head&gt;&lt;body align=&quot;left&quot; style=&quot; font-family:&apos;Arial&apos;; font-size:7px; font-weight:400; font-style:normal;&quot;&gt;
&lt;p align=&quot;center&quot; style=&quot; margin-top:0px; margin-bottom:0px; margin-left:0px; margin-right:0px; -qt-block-indent:0; text-indent:0px;&quot;&gt;&lt;span style=&quot; font-size:20px; font-weight:600;&quot;&gt;Stanley Controller for an Autonomous Vehicle&lt;/span&gt;&lt;/p&gt;&lt;/body&gt;&lt;/html&gt;</P>
    <P Name="Position">[503, -178, 999, -132]</P>
    <P Name="InternalMargins">[0, 0, 0, 0]</P>
    <P Name="FixedHeight">on</P>
    <P Name="FixedWidth">on</P>
    <P Name="DropShadow">on</P>
    <P Name="Interpreter">rich</P>
    <P Name="ZOrder">-1</P>
    <P Name="FontName">Arial</P>
    <P Name="FontSize">7</P>
  </Annotation>
</System>
