<?xml version="1.0" encoding="utf-8"?>
<System>
  <P Name="Location">[223, 338, 826, 833]</P>
  <P Name="SIDHighWatermark">31</P>
  <Block BlockType="Inport" Name="mind" SID="1920::27">
    <P Name="Position">[20, 101, 40, 119]</P>
    <P Name="ZOrder">18</P>
  </Block>
  <Block BlockType="Inport" Name="ind" SID="1920::1">
    <P Name="Position">[20, 136, 40, 154]</P>
    <P Name="ZOrder">-1</P>
    <P Name="Port">2</P>
  </Block>
  <Block BlockType="Inport" Name="path" SID="1920::25">
    <P Name="Position">[20, 171, 40, 189]</P>
    <P Name="ZOrder">16</P>
    <P Name="Port">3</P>
  </Block>
  <Block BlockType="Inport" Name="pose" SID="1920::26">
    <P Name="Position">[20, 206, 40, 224]</P>
    <P Name="ZOrder">17</P>
    <P Name="Port">4</P>
  </Block>
  <Block BlockType="Inport" Name="esc" SID="1920::30">
    <P Name="Position">[20, 246, 40, 264]</P>
    <P Name="ZOrder">21</P>
    <P Name="Port">5</P>
  </Block>
  <Block BlockType="Demux" Name=" Demux " SID="1920::23">
    <PortCounts in="1" out="1"/>
    <P Name="Position">[270, 245, 320, 285]</P>
    <P Name="ZOrder">14</P>
    <P Name="Outputs">1</P>
  </Block>
  <Block BlockType="S-Function" Name=" SFunction " SID="1920::22">
    <P Name="Tag">Stateflow S-Function 8</P>
    <PortCounts in="5" out="4"/>
    <P Name="Position">[180, 105, 230, 225]</P>
    <P Name="ZOrder">13</P>
    <P Name="FunctionName">sf_sfun</P>
    <P Name="PortCounts">[5 4]</P>
    <P Name="SFunctionDeploymentMode">off</P>
    <P Name="EnableBusSupport">on</P>
    <P Name="SFcnIsStateOwnerBlock">off</P>
    <PortProperties>
      <Port Type="out" Index="2">
        <P Name="Name">min_d</P>
      </Port>
      <Port Type="out" Index="3">
        <P Name="Name">theta_e</P>
      </Port>
      <Port Type="out" Index="4">
        <P Name="Name">Esc</P>
      </Port>
    </PortProperties>
  </Block>
  <Block BlockType="Terminator" Name=" Terminator " SID="1920::24">
    <P Name="Position">[460, 256, 480, 274]</P>
    <P Name="ZOrder">15</P>
  </Block>
  <Block BlockType="Outport" Name="min_d" SID="1920::5">
    <P Name="Position">[460, 101, 480, 119]</P>
    <P Name="ZOrder">-5</P>
  </Block>
  <Block BlockType="Outport" Name="theta_e" SID="1920::28">
    <P Name="Position">[460, 136, 480, 154]</P>
    <P Name="ZOrder">19</P>
    <P Name="Port">2</P>
  </Block>
  <Block BlockType="Outport" Name="Esc" SID="1920::31">
    <P Name="Position">[460, 171, 480, 189]</P>
    <P Name="ZOrder">22</P>
    <P Name="Port">3</P>
  </Block>
  <Line>
    <P Name="ZOrder">73</P>
    <P Name="Src">1920::27#out:1</P>
    <P Name="Dst">1920::22#in:1</P>
  </Line>
  <Line>
    <P Name="ZOrder">74</P>
    <P Name="Src">1920::1#out:1</P>
    <P Name="Dst">1920::22#in:2</P>
  </Line>
  <Line>
    <P Name="ZOrder">75</P>
    <P Name="Src">1920::25#out:1</P>
    <P Name="Dst">1920::22#in:3</P>
  </Line>
  <Line>
    <P Name="ZOrder">76</P>
    <P Name="Src">1920::26#out:1</P>
    <P Name="Dst">1920::22#in:4</P>
  </Line>
  <Line>
    <P Name="ZOrder">77</P>
    <P Name="Src">1920::30#out:1</P>
    <P Name="Dst">1920::22#in:5</P>
  </Line>
  <Line>
    <P Name="Name">min_d</P>
    <P Name="ZOrder">78</P>
    <P Name="Labels">[0, 0]</P>
    <P Name="Src">1920::22#out:2</P>
    <P Name="Dst">1920::5#in:1</P>
  </Line>
  <Line>
    <P Name="Name">theta_e</P>
    <P Name="ZOrder">79</P>
    <P Name="Labels">[0, 0]</P>
    <P Name="Src">1920::22#out:3</P>
    <P Name="Dst">1920::28#in:1</P>
  </Line>
  <Line>
    <P Name="Name">Esc</P>
    <P Name="ZOrder">80</P>
    <P Name="Labels">[0, 0]</P>
    <P Name="Src">1920::22#out:4</P>
    <P Name="Dst">1920::31#in:1</P>
  </Line>
  <Line>
    <P Name="ZOrder">81</P>
    <P Name="Src">1920::23#out:1</P>
    <P Name="Dst">1920::24#in:1</P>
  </Line>
  <Line>
    <P Name="ZOrder">82</P>
    <P Name="Src">1920::22#out:1</P>
    <P Name="Dst">1920::23#in:1</P>
  </Line>
</System>
