<?xml version="1.0" encoding="utf-8"?>
<System>
  <P Name="Location">[223, 338, 826, 833]</P>
  <P Name="SIDHighWatermark">30</P>
  <Block BlockType="Inport" Name="K" SID="1923::26">
    <P Name="Position">[20, 101, 40, 119]</P>
    <P Name="ZOrder">17</P>
  </Block>
  <Block BlockType="Inport" Name="Ve" SID="1923::27">
    <P Name="Position">[20, 136, 40, 154]</P>
    <P Name="ZOrder">18</P>
    <P Name="Port">2</P>
  </Block>
  <Block BlockType="Inport" Name="Vx" SID="1923::28">
    <P Name="Position">[20, 171, 40, 189]</P>
    <P Name="ZOrder">19</P>
    <P Name="Port">3</P>
  </Block>
  <Block BlockType="Inport" Name="mind" SID="1923::25">
    <P Name="Position">[20, 206, 40, 224]</P>
    <P Name="ZOrder">16</P>
    <P Name="Port">4</P>
    <PortProperties>
      <Port Type="out" Index="1">
        <P Name="PropagatedSignals">min_d</P>
      </Port>
    </PortProperties>
  </Block>
  <Block BlockType="Inport" Name="theta_e" SID="1923::1">
    <P Name="Position">[20, 246, 40, 264]</P>
    <P Name="ZOrder">-1</P>
    <P Name="Port">5</P>
    <PortProperties>
      <Port Type="out" Index="1">
        <P Name="PropagatedSignals">theta_e</P>
      </Port>
    </PortProperties>
  </Block>
  <Block BlockType="Inport" Name="ESC " SID="1923::29">
    <P Name="Position">[20, 281, 40, 299]</P>
    <P Name="ZOrder">20</P>
    <P Name="Port">6</P>
    <PortProperties>
      <Port Type="out" Index="1">
        <P Name="PropagatedSignals">Esc</P>
      </Port>
    </PortProperties>
  </Block>
  <Block BlockType="Demux" Name=" Demux " SID="1923::23">
    <PortCounts in="1" out="1"/>
    <P Name="Position">[270, 230, 320, 270]</P>
    <P Name="ZOrder">14</P>
    <P Name="Outputs">1</P>
  </Block>
  <Block BlockType="S-Function" Name=" SFunction " SID="1923::22">
    <P Name="Tag">Stateflow S-Function 9</P>
    <PortCounts in="6" out="3"/>
    <P Name="Position">[180, 107, 230, 248]</P>
    <P Name="ZOrder">13</P>
    <P Name="FunctionName">sf_sfun</P>
    <P Name="PortCounts">[6 3]</P>
    <P Name="SFunctionDeploymentMode">off</P>
    <P Name="EnableBusSupport">on</P>
    <P Name="SFcnIsStateOwnerBlock">off</P>
    <PortProperties>
      <Port Type="out" Index="2">
        <P Name="Name">ESC</P>
      </Port>
      <Port Type="out" Index="3">
        <P Name="Name">delta</P>
      </Port>
    </PortProperties>
  </Block>
  <Block BlockType="Terminator" Name=" Terminator " SID="1923::24">
    <P Name="Position">[460, 241, 480, 259]</P>
    <P Name="ZOrder">15</P>
  </Block>
  <Block BlockType="Outport" Name="ESC" SID="1923::30">
    <P Name="Position">[460, 101, 480, 119]</P>
    <P Name="ZOrder">21</P>
  </Block>
  <Block BlockType="Outport" Name="delta" SID="1923::5">
    <P Name="Position">[460, 136, 480, 154]</P>
    <P Name="ZOrder">-5</P>
    <P Name="Port">2</P>
  </Block>
  <Line>
    <P Name="ZOrder">86</P>
    <P Name="Src">1923::26#out:1</P>
    <P Name="Dst">1923::22#in:1</P>
  </Line>
  <Line>
    <P Name="ZOrder">87</P>
    <P Name="Src">1923::27#out:1</P>
    <P Name="Dst">1923::22#in:2</P>
  </Line>
  <Line>
    <P Name="ZOrder">88</P>
    <P Name="Src">1923::28#out:1</P>
    <P Name="Dst">1923::22#in:3</P>
  </Line>
  <Line>
    <P Name="ZOrder">89</P>
    <P Name="Src">1923::25#out:1</P>
    <P Name="Dst">1923::22#in:4</P>
  </Line>
  <Line>
    <P Name="ZOrder">90</P>
    <P Name="Src">1923::1#out:1</P>
    <P Name="Dst">1923::22#in:5</P>
  </Line>
  <Line>
    <P Name="ZOrder">91</P>
    <P Name="Src">1923::29#out:1</P>
    <P Name="Dst">1923::22#in:6</P>
  </Line>
  <Line>
    <P Name="Name">ESC</P>
    <P Name="ZOrder">92</P>
    <P Name="Labels">[0, 0]</P>
    <P Name="Src">1923::22#out:2</P>
    <P Name="Points">[73, 0; 0, -70]</P>
    <P Name="Dst">1923::30#in:1</P>
  </Line>
  <Line>
    <P Name="Name">delta</P>
    <P Name="ZOrder">93</P>
    <P Name="Labels">[0, 0]</P>
    <P Name="Src">1923::22#out:3</P>
    <P Name="Points">[147, 0; 0, -80]</P>
    <P Name="Dst">1923::5#in:1</P>
  </Line>
  <Line>
    <P Name="ZOrder">94</P>
    <P Name="Src">1923::23#out:1</P>
    <P Name="Dst">1923::24#in:1</P>
  </Line>
  <Line>
    <P Name="ZOrder">95</P>
    <P Name="Src">1923::22#out:1</P>
    <P Name="Dst">1923::23#in:1</P>
  </Line>
</System>
